calories,protein,fat,carbs,goal
193.52465823520762,9.256646441930982,10.468227349436239,67.2702994208898,muscle_gain
475.8500101408589,27.095047368917907,9.879151962879993,79.66813971913723,weight_loss
368.6770314875885,43.647291793820415,36.250183220841464,25.046789879249896,weight_loss
303.3426572565479,36.61124432047806,9.981847993980244,62.48740996069989,maintenance
86.44913381679389,40.328057393072484,10.87798904514524,57.17459831437487,maintenance
86.4373149647393,32.93916833553587,30.37593049671855,83.28303767882711,weight_loss
38.460969962417735,34.613828225892625,17.9895936980216,90.60870604812605,weight_loss
434.4263114297182,42.459782578265965,31.068422278207247,1.2156771477386807,muscle_gain
304.54635575417234,12.483400442959297,2.6146463025754096,67.40199190587927,maintenance
356.95556312006227,24.471248182157023,19.502847746935373,5.1835799119729025,muscle_gain
20.086402204943198,11.060472090980111,1.3445440073313053,54.88586650773559,muscle_gain
485.2558275593772,49.38340039983235,2.506128138214181,28.76327290436782,muscle_gain
417.8968939922066,47.202966984330665,36.25749813377644,30.67765995221412,weight_loss
114.04616423235531,1.971340568425295,5.5698148447038065,35.29585034523566,muscle_gain
99.09423393147931,35.27875862578442,21.296827291008682,62.12924490496101,muscle_gain
99.86820982818257,46.26241587078329,16.443824104028263,33.40499656687692,weight_loss
159.0786990501735,9.028767256366677,13.893733050353706,73.26990505902803,maintenance
267.13065149979656,28.397261527631475,35.9933338274909,40.45273855738697,maintenance
221.65305913463672,45.774414879402094,0.87293587101958,6.835320030995861,muscle_gain
152.70227869704053,1.697298929289942,26.551587447023564,78.37598424841073,weight_loss
309.8079184139659,34.871013362342,38.535777368542014,28.5758324592706,maintenance
78.3519917195005,14.867450368627539,22.40672733847368,43.276687959926264,muscle_gain
153.15087778225688,46.21980976882652,37.472898481323675,68.54438832219016,muscle_gain
189.51730321390895,48.552912258268385,2.0903151714409507,33.2456157148712,weight_loss
233.47429226634762,47.213324455671696,16.751732762966455,5.658565614671563,muscle_gain
394.73622108257666,23.71071083287319,10.406311638482046,37.39210470128136,maintenance
107.84015325759627,43.10213254946567,29.23283859922919,94.44485826943034,weight_loss
261.9748748226697,42.22746992675352,39.25188361988987,64.17343972985582,maintenance
300.2831387424008,15.955023662162782,10.261202497769911,67.1479148667207,maintenance
32.760702232798884,41.44577370753387,26.166984058962978,63.22821536376399,maintenance
307.6969774317048,1.850381735774631,7.923905310389605,19.899213895943678,muscle_gain
93.55682060677285,29.81349392410265,22.613210182864396,41.833386410228016,muscle_gain
41.87528056278696,11.500441864385152,18.557299467533447,75.09397983633183,maintenance
474.9539132541333,6.0283442888639405,38.88021318526148,10.137289755315916,maintenance
483.1596962065341,3.847660081460458,24.341090907858664,27.785277608971228,weight_loss
406.11470057706595,34.81443879390699,13.980254883472751,27.631910846585363,weight_loss
159.26074689495164,16.993748188403305,4.563831395517335,43.2018927594506,muscle_gain
57.859335863128095,36.238338576438075,6.049873149397382,98.0368740942185,muscle_gain
345.2741829909569,3.2678170399471185,9.012677198049403,6.750254668382194,weight_loss
225.67472193240465,15.764516891530517,10.03866645361192,51.870099438059505,maintenance
69.79873507394163,26.974564618766863,34.024642313645515,17.936468201221047,muscle_gain
252.6366859545224,39.53615824194818,22.448911531300997,97.06765454097442,maintenance
26.850375346457014,15.937625146603496,20.935636454974656,11.33035047274642,weight_loss
455.5669970186032,31.294568821850454,4.590754874768699,40.36010023615913,muscle_gain
136.8021909840083,44.29888741180935,34.4055877339774,73.78849848346061,muscle_gain
334.63591933345117,30.79315940911523,28.91257212833935,70.45544280274453,weight_loss
162.73842728381138,11.647973737681689,2.7067344760000633,42.272863689393226,muscle_gain
264.8333303771273,1.220039077826901,28.313403889190745,34.652416795271826,weight_loss
277.888036878207,43.50494369504649,21.741528693705842,39.76123785528706,muscle_gain
100.57868320750825,1.063470542519357,3.26901382987113,26.42762631586393,weight_loss
485.0964676046337,43.73508363420997,18.332025661146258,20.53329387067998,muscle_gain
389.8150834469461,26.4468567013606,19.387851485201878,48.303969755889,maintenance
470.35448136645266,46.95338492564481,6.63098160653103,26.853375606760732,maintenance
448.4654017095479,39.93916178868327,37.82792588001129,28.746166489725013,maintenance
302.9709896174317,49.89670552666687,33.99901485922648,65.67560634745571,muscle_gain
461.71837516132723,17.535590772585508,26.760893493164332,96.85373316998923,muscle_gain
53.36132600544055,38.35941444655634,18.491822440024286,60.363720055937506,maintenance
106.03160258538115,20.096545680462107,16.470621663380342,7.697946706496628,maintenance
32.16137156616365,23.99378101519544,26.038938686038165,7.558361385406698,weight_loss
169.41186207399952,31.375273160918503,21.817274776276218,95.1423220845566,weight_loss
200.45187194784617,43.68385570931694,2.4909242352754246,29.729079030733363,weight_loss
142.961025569209,49.20417345996476,20.500105950813268,9.206698608247542,maintenance
416.0813794844454,38.41367069322591,32.25614468931358,59.90445871503815,maintenance
184.80913007985873,20.888339108366687,18.36959510387832,62.36487782902661,maintenance
147.65790974681659,21.06785011385351,2.0782631021707365,64.85048201186882,weight_loss
275.92108074754174,36.879115079444574,31.451127975361324,26.74020278575413,muscle_gain
79.0528702376337,11.938857288415116,8.054551285438976,1.5110684214475034,maintenance
403.07652056947944,5.523705656569733,10.344833395521551,96.50153694544719,muscle_gain
46.5298154030877,17.731107882038827,6.588254137291836,25.089304569110247,muscle_gain
493.57459893425346,14.361949582704087,13.2086025948599,67.60262880525475,muscle_gain
388.39993695536214,14.815406022799504,30.2700602275454,70.66298698787095,weight_loss
107.37068395174448,11.680387552495496,20.775434380157492,61.00074170794857,muscle_gain
12.705837390565176,2.104659481818094,8.195250966028503,31.290739421364822,maintenance
409.5760999428687,0.8936967366706905,35.113203126081636,27.109625376406576,weight_loss
356.3600984853324,49.386119486801576,35.18327419806117,59.76682827027031,maintenance
367.21351234008375,21.388656686793116,34.82313700184028,86.60956336116915,maintenance
387.92246987611344,19.216332357984083,9.55184845526157,94.67337289233956,weight_loss
46.281879349704276,33.982364134653494,18.049573767239522,10.590580440375764,maintenance
185.64820698669357,10.912694393253208,39.39958624563501,15.482861259771985,maintenance
66.77583916731356,47.49805919751127,30.880499052399614,94.47362587830797,weight_loss
432.9206786790408,39.3172507207776,1.0866968490223927,73.65352283347926,maintenance
315.41608214550337,4.470550115612975,2.608183650419682,88.29938248297731,muscle_gain
172.1400321777981,20.87903878924642,18.557255072493312,20.263263413534315,maintenance
41.143591640151584,43.95591537810824,36.368808234462406,58.758587110940184,muscle_gain
162.38133764067447,47.23660111457051,21.54807191810857,70.11395944174737,maintenance
169.33982779310605,23.370075562493486,19.91250032137161,68.01118854469726,weight_loss
367.5070273856514,30.670569460535386,4.218947998265223,40.81516908666981,weight_loss
322.40316096405445,8.35169730460376,26.271204188971762,1.5394891691308477,maintenance
444.7342438624,49.558431306848824,32.88412642400902,58.29260568042631,weight_loss
241.38531332935514,11.58358506917217,15.216800300302493,25.310153917960875,maintenance
68.60118050976783,47.136588706756285,31.0244740370131,45.02542461428904,weight_loss
359.48994573926757,32.482332449618426,38.57906615603247,95.75810150838173,muscle_gain
382.78467382227973,30.386839743942957,8.150658365107564,39.903531764243475,maintenance
285.02582680905317,25.63442555082543,20.933185247789652,83.98016066644267,muscle_gain
387.77391817773486,11.533490585887934,11.485518323383022,18.854060574925114,muscle_gain
251.95984221855147,8.826401600275414,31.714176761353574,67.24604980250288,maintenance
266.1390863971771,11.024310453508768,23.1037346352463,97.70069544389435,muscle_gain
219.49509899568932,9.321913107212726,25.38329670201215,10.189310087293679,maintenance
22.455372104606642,38.97922367833767,31.916566384635765,0.8319942227192012,muscle_gain
62.86679922671918,17.506262958336507,15.838818906498195,43.35827926326144,maintenance
25.400300986499783,2.8921338281698183,36.60360273628173,9.26254830513672,maintenance
321.8411015192524,48.45513150704057,21.3211546898456,74.83843496762313,weight_loss
164.03443072740006,44.18929424817129,6.31819291341392,91.45486638485589,maintenance
259.19963867070436,46.387614159760645,27.8359647267521,43.402097270875885,maintenance
454.7075722237856,49.745391132321764,31.730454017530178,25.871164215544095,muscle_gain
132.15319228294874,8.694762460974365,12.670467082701066,43.44033190066098,maintenance
211.08763228745858,19.812100945132936,34.28717027995012,72.3447817850001,weight_loss
380.22005788609385,37.911923785204564,36.24573019063065,0.9054161580370979,muscle_gain
122.111101090895,34.80103090268961,11.076179495112356,58.945398948469716,muscle_gain
47.720155816108566,7.694795316992753,39.34085890860888,61.329168488737906,weight_loss
151.97821192774634,40.79165624953089,5.628461121950337,63.76882468959355,muscle_gain
88.99843075446216,11.222028591833034,8.0806267360996,24.202207998087722,muscle_gain
465.5518496478608,11.190880741131155,7.368993569521045,71.40527233781268,muscle_gain
405.9789859865643,26.84872114467068,35.75958840031482,9.13914863317764,muscle_gain
320.36784069010747,29.646996742085157,26.171702092998473,19.92703364668008,weight_loss
437.01568919198166,29.00431039189056,6.084171328890915,87.74700466544819,weight_loss
403.7993176805661,4.574341869887744,17.61293673473396,73.87231507265663,muscle_gain
101.41932885415756,43.87304313151902,24.61192100279208,1.3745554011345251,muscle_gain
447.3539092600891,13.280002129435303,3.3385633995753317,24.83762603698002,weight_loss
274.27769853866886,6.475746064140209,35.29665473629355,21.440648299316457,weight_loss
405.64567603039063,44.43740399344886,32.14414141766141,27.080632803697256,weight_loss
449.08473696251167,47.78257491148767,20.20827094306553,24.755977027988642,muscle_gain
165.8217027362133,43.106380863272534,38.685064610366815,6.252629574284574,muscle_gain
63.92544301856161,40.475803736243904,16.710439171003987,45.894051659682034,maintenance
121.68822964555143,32.76209903195109,39.36441276145991,73.27334747861651,weight_loss
219.2828164268656,27.542868530456964,26.71679995214508,60.67317247174364,muscle_gain
410.8272353020216,4.349337995570507,25.386850930157657,67.28716685980798,weight_loss
431.7579857956083,20.422660653534937,6.6381958118314,8.114917853623915,muscle_gain
13.406543960283445,18.6344258506157,35.27711033218576,95.14907101767872,weight_loss
260.2661782630072,12.98768918801631,17.099587516824606,83.84918338430248,muscle_gain
214.5313915429017,36.17100568442925,6.489336231299174,80.50903184956627,maintenance
118.83282713065782,24.79378675393854,0.5043007990303616,82.29838050417675,maintenance
68.73402999350458,4.052310795382397,22.3902273455353,93.27105081327613,weight_loss
175.4314339877777,11.009160097490566,21.095984884907054,54.42539661136977,muscle_gain
472.0257549171344,34.162938182979794,28.774144894766344,20.02820178676259,muscle_gain
168.36943669017006,3.8065429745150094,35.610322120712084,61.678360785254114,weight_loss
264.2074046542494,42.56034570243843,3.176263385721181,74.2881493667939,muscle_gain
354.4792898586372,24.757326350698715,29.259859613614495,73.79173933540254,weight_loss
188.17850516585406,24.0293288663324,7.496477763903289,52.14490241668801,muscle_gain
486.17322053327075,29.62038923297588,34.327082126286555,6.845871933357806,weight_loss
481.5991745216345,41.234048296257455,32.76254055446624,37.11129384301278,muscle_gain
133.37332495442843,17.390460395109653,21.631750199421774,92.07666084633573,weight_loss
253.65176788726887,33.90080762795318,28.40971194493246,58.4448909757426,muscle_gain
157.43037181021714,28.28659819978955,12.574004527349935,53.83319432557134,maintenance
149.57184224495913,13.351413508471065,18.846715957312586,26.885351438219352,muscle_gain
28.07460420372107,43.9314993177579,32.865475908418865,36.84489199165789,weight_loss
308.68652365014947,39.871301080346406,18.370607886928557,89.53460891531692,maintenance
256.3127213821421,32.922591732921276,14.311930613017672,66.64630475268358,muscle_gain
35.224588112494786,42.52908645471209,19.768497890011997,78.73870267523328,maintenance
146.5367674759396,43.364710047990116,33.12997009748874,45.434542306765515,muscle_gain
455.05028412366033,35.41814883575174,13.40832189483491,63.024721945615795,maintenance
127.38532642681649,41.8506664181836,6.950463725429752,24.838360874320752,weight_loss
80.99848732469931,34.87357308346418,28.48056081323123,70.54608302834863,muscle_gain
249.83185253600587,34.00703858801502,33.03912850832327,42.76013337033373,muscle_gain
492.9687225141943,30.930568910759217,4.025499140941333,44.25455148147456,weight_loss
128.6070830406352,37.63583197788206,9.594964510237789,64.93223245768817,maintenance
339.3464182288805,7.930255264653685,5.678879590439756,93.62806214689266,weight_loss
383.1936115110716,44.04353795994642,13.917656463286665,6.400634660862092,weight_loss
126.44239655627584,43.5921763872616,18.014039156216505,82.47432373470076,maintenance
366.8260108198112,1.4623641517279573,29.953053478532258,29.238311041219312,weight_loss
190.21373503243407,41.290837528238136,26.045903395266965,44.391945450637785,muscle_gain
319.82985699085395,6.4434933736722595,24.837142699137246,2.1913328775008956,muscle_gain
320.4295582728384,16.755942712957093,14.094997864386176,30.1046077834313,muscle_gain
272.52959519663165,37.17541281458039,33.6579021233904,50.26312426301305,weight_loss
54.241987326660066,8.03799480241541,18.85148669592658,5.617607734743901,muscle_gain
419.2982228387266,40.89835120595311,39.16419752060618,49.10957293831652,muscle_gain
167.18223183615055,41.606708897887096,25.365685531829474,92.71106288584274,muscle_gain
101.39407009592857,25.373386688041812,5.050589662580109,10.539321810780521,muscle_gain
29.97981936183432,0.319293585841679,27.047102483017362,76.44407280755044,muscle_gain
299.5375421622385,14.351906658745639,13.00416061726796,40.967105337599264,muscle_gain
342.00653730271836,30.84634591878711,27.453087867443898,65.5173714524338,weight_loss
18.128036174649516,49.059308901371175,2.7856459264962297,26.023659798522935,muscle_gain
260.9255985666477,31.59067635083342,6.9952574870383755,15.949226254135828,muscle_gain
120.98292984698959,12.99017905320799,34.22949035623145,16.046261427122644,maintenance
326.13466730063044,31.700285154980566,9.087182280940596,7.049194564314465,weight_loss
95.43955021244581,26.999268985792774,33.4816450097176,18.564670490124303,weight_loss
348.55949167020833,38.99226975755718,11.171043538176416,66.42193849889682,weight_loss
199.50031968726333,5.349031941347921,25.715276402348305,88.16906118435081,weight_loss
468.99769448099994,38.0513951251014,27.766022940393242,81.41256855911618,muscle_gain
77.38526263153669,27.063328933805515,20.506190125802117,68.51343098744842,muscle_gain
177.12251201462666,48.149600192949734,12.212427067869251,11.043186341110268,maintenance
65.60202540788865,17.093608301934303,8.505775054843845,28.918744629594983,maintenance
463.09987295649574,31.631094656697407,1.3275741824970488,30.980687532246897,weight_loss
439.8962831566807,46.60140527550087,12.157856049628952,24.99569463976212,maintenance
136.39139758042626,5.125486399533963,26.12651162125132,51.50056597097231,maintenance
333.39218255674774,46.86142436182256,37.532192737939305,53.55538148796726,weight_loss
410.43887809859575,34.394286115040664,34.84817929052208,35.68859751711102,weight_loss
282.04839768373654,3.391852955258595,30.642591061412105,35.3789158736436,maintenance
269.52878339444317,15.048178347340812,31.537893730131948,82.85555979060814,muscle_gain
128.50762254122134,35.40860443226408,26.59939613903981,78.92928483196856,maintenance
55.620356224890614,3.367530073438585,10.41147430264012,30.779583168074566,maintenance
449.6357213971301,29.108523008813663,36.28780122823319,91.37884438732593,muscle_gain
451.2048480100319,17.294152847647837,26.829292476233363,95.2815017002506,muscle_gain
320.2197140639013,31.045775888373857,22.4176252392176,32.67425420300408,weight_loss
176.12459761386333,2.2871016906256427,4.439578768539243,35.442494879305485,weight_loss
181.11269156020384,43.576840307618816,17.882221752257017,50.56341534219588,maintenance
365.71828264641726,48.67444845886985,18.41433084807705,94.11208125336735,muscle_gain
449.5840273767628,48.44389276428458,34.582544380906796,87.63194331423115,weight_loss
444.6723478899075,37.48259158714624,21.865928807511537,10.25679625835898,maintenance
392.1390174702357,6.504312006531599,15.216021958816386,39.27307432714162,muscle_gain
324.595506615601,37.913159796451126,39.07201314042637,55.33711897497719,maintenance
51.228582847573925,1.2293458229400755,4.428823733052627,50.313247255154,weight_loss
89.19806990636074,1.1061775764498627,16.901937132477784,19.38630679368927,weight_loss
450.2915523782688,16.18051095747706,1.6809870068562116,85.88167711681547,muscle_gain
307.15023923319904,24.432159520233288,29.596164830677214,67.69407829968374,maintenance
14.506555292148526,38.52037089038966,36.72306208796603,83.79083748518036,muscle_gain
59.72105600435573,34.16476883032526,11.201493182019577,85.87642793494722,weight_loss
335.11586686294737,22.295135318837417,34.33366707196483,74.83558536657398,weight_loss
12.480176084647157,13.681333314083293,11.68872921847591,43.92106012497173,maintenance
88.79594519457434,49.856225007885556,36.43080646575661,61.054675501542455,maintenance
278.8795567896272,21.30906511179865,30.158476143871358,16.036540611974313,maintenance
349.0286468694197,22.569351216483774,32.19627107365754,67.36454174749078,muscle_gain
329.46101715627424,8.181191059583458,0.72026222401818,17.925325573928074,maintenance
119.89196163567429,39.740477437496466,38.51241428296104,69.39495905101568,maintenance
358.96781846029256,34.68411128907443,29.06683968281293,22.959816075396866,weight_loss
126.25205287343204,11.03848063943802,12.190043815445332,11.755130015021997,weight_loss
169.44585209804117,4.119052280792134,33.17578659435388,16.52844901429574,maintenance
375.78078850783186,34.02496510373565,11.260847936597198,0.1992135219070268,maintenance
328.3201205331352,32.72556071405676,34.910153582645115,71.87396178535302,weight_loss
426.1194711421472,13.662976349910466,4.503215616477481,73.24010490583791,maintenance
332.23031722716826,47.543178112520515,28.147439098431832,51.493334991325945,muscle_gain
288.4712156343811,7.552894589045012,21.62793906579641,16.13628010553837,muscle_gain
55.90063623576531,21.616740052130094,3.8613788078176325,8.355433751068976,muscle_gain
190.18074349912243,47.18079600837994,9.67575313035356,1.912896643728701,maintenance
139.94916016404548,20.986365846306114,0.4961614510925916,16.57481769652207,weight_loss
129.55492525575096,31.92629738320428,18.750718618580233,89.08555349831467,maintenance
486.7751718286983,19.879719898139715,12.050610430400015,24.153684170168177,maintenance
202.6178850867126,13.710760117433502,23.934299371910353,35.42713272172156,weight_loss
447.1028120367855,49.19888239799141,11.889512308344688,10.534548448133318,weight_loss
319.2579267386588,20.46670031575215,11.996764460279387,22.236130474817028,weight_loss
399.45753873540775,44.70496018395672,29.727727949264136,51.922457078020514,muscle_gain
256.2921756215442,11.497730294554309,1.925713439134138,60.775268309565256,maintenance
292.68290346691595,10.655235201254165,36.11579980767949,24.535231416621105,weight_loss
251.33366997124332,1.556704144225568,34.09055497564726,5.773215922511721,maintenance
105.6690640210418,32.58334126879425,26.71218732905626,39.10328691273987,muscle_gain
364.0015364781376,18.426317186188058,23.72886280429537,23.420337092633414,muscle_gain
147.57845759601935,43.21791249198185,35.69209992558609,21.955392322980195,weight_loss
21.914823551412383,23.66049533457786,7.413207181148578,95.98628027134552,weight_loss
326.28142499451224,48.40967139573608,3.1587664876331445,61.63004859257241,maintenance
96.78423290945398,9.276275785156058,9.580406796381524,55.68784431720959,weight_loss
470.82470633292803,43.43115839778054,31.783131148007612,41.57751035233219,maintenance
477.4250027312678,38.829842639587085,1.386810669059333,42.89443334301443,weight_loss
458.2835512080198,38.5460922322026,23.312273403339585,54.090500383808084,maintenance
191.37776312516775,42.239161405844385,39.817500647652395,69.64298070361072,maintenance
17.57374209914504,38.05119954714994,34.227843753501574,70.21460961818295,maintenance
464.87609566798545,31.31101608157077,20.857827561743576,17.169390770544958,maintenance
219.81023267548403,6.562243884119379,2.5456363714656938,50.0112752076627,muscle_gain
483.6608613313981,1.6263089745625958,33.25494057542839,41.195809503410196,maintenance
482.1737887737339,46.04239239078434,23.95914032708842,87.05269662693841,weight_loss
427.97463317900645,30.832515726036902,4.597319882382673,63.14189212183764,muscle_gain
154.279957114097,39.826864548808814,3.754291392934248,53.25040664159818,muscle_gain
198.69788701494338,24.076117575627503,36.3850727774637,11.539464217891737,maintenance
427.05696904325987,5.865409448119724,26.768010517523138,60.56378893234115,muscle_gain
165.29178252657604,6.259289610127522,33.17147197267022,11.720390568023342,maintenance
93.05144587618531,34.27826436144857,35.15915601129069,33.720657556575205,weight_loss
282.8326186045916,21.515294744973133,22.87089408193289,14.284196481433186,maintenance
468.7158393387827,10.026236335016836,20.69785407020165,69.20736470243689,muscle_gain
351.05460037073675,24.579727337071844,17.21709641283961,20.62521138361526,weight_loss
289.3299733437888,3.2104468537567046,12.677863511644771,39.1859373188026,maintenance
57.61648194767658,29.09857009571994,17.38383843434847,89.56747776187787,weight_loss
311.35354108259315,13.449670221754884,30.955186229206255,20.431638339897027,weight_loss
495.126386551089,39.87795503185941,24.07693724060526,50.780506395877914,muscle_gain
78.64116746589677,15.518097946178688,35.70093159819385,41.9271661166022,weight_loss
263.981529658231,22.76100745409006,17.73520057516751,1.8124041045729733,muscle_gain
439.9128052446982,0.5810269954050318,24.28358314875016,79.27581135728128,weight_loss
372.97662269956015,3.622344389727944,25.25230212367955,6.904590631459973,maintenance
351.5377130876813,19.62467782033424,23.66788649225302,47.42550209769536,weight_loss
354.21720115368356,23.996941735856176,28.10535092342065,56.06782949389499,maintenance
186.15066409768002,30.001027405965186,9.497338734992251,62.842645661458704,maintenance
153.86000368960174,14.583128935465162,20.494551101831625,68.86316293078755,weight_loss
406.5869661844717,34.74909430632713,4.168992112333907,25.327238352271507,maintenance
406.9555633927986,43.00611985946023,15.380453105792501,0.9978776658449373,weight_loss
434.8654361042508,38.99254944466749,19.506682744850576,72.3443662354912,weight_loss
457.4878707526709,1.9809412674178573,26.0889703818189,53.56565993475786,maintenance
260.5577754418595,24.02534736289145,38.02124210344814,83.61177032072487,maintenance
255.74298439672782,5.246508920908743,24.026042661934234,82.13883629006943,muscle_gain
401.16463769371984,12.102250793126373,29.74375664706239,84.33261677878832,maintenance
328.48232608110493,49.333129663357326,20.25064237980811,48.50946599795402,muscle_gain
353.96376985627467,7.124777145075662,25.364161255053254,33.362839583686565,maintenance
399.93840802368953,24.944407672567802,2.837288645350937,79.155820259137,weight_loss
446.1026174906075,30.907786715905956,10.17566323367388,45.12941130292549,maintenance
175.61762685725253,35.1232485272052,14.474123728205548,18.34421964034345,weight_loss
194.03564679357257,27.982434174345705,18.899734200260543,85.49740195614743,weight_loss
56.05115052202581,0.48854237095918296,1.8259498200953495,88.25598767723473,weight_loss
293.35726908812524,16.323065412199593,5.600963902132707,46.63097561401701,muscle_gain
27.611714160403622,25.885582169235573,11.07257231165223,7.569972730978747,maintenance
238.14302888490548,4.393324957241668,38.86130763604203,38.782608991693124,weight_loss
275.8958710067125,17.53134656045904,13.25388028412203,80.35376594626034,weight_loss
150.40521354285937,1.6601554395683282,19.2816423244833,90.17740285462287,muscle_gain
299.50829767881527,3.928924857751037,7.8439085095357175,20.347274249759582,maintenance
24.94512247013422,19.846163810079805,24.431202843030732,6.697361202527152,maintenance
28.300612487115064,6.635787702153017,11.227328620638971,87.73504531328386,muscle_gain
413.0742747232325,28.37704241307791,8.279703137537071,38.94049389788753,muscle_gain
186.4934142915188,34.47324845686329,20.66290513783916,54.176096426756324,maintenance
72.25965119942354,40.029334955454146,0.22023196641683285,96.80658120507589,muscle_gain
265.89919742685413,10.007512212240504,0.3065613059690131,6.656472791422285,maintenance
387.2968410183193,8.374129112953488,8.762752364074311,64.83180074520956,maintenance
115.75230347345315,5.228392016720012,1.4688545000328457,7.410542257486707,weight_loss
315.21633315131015,31.821512477181834,4.321030165227655,37.54689284665004,weight_loss
51.82025784694632,35.32378632434506,13.554425973550064,80.38145451934467,maintenance
35.32404337261777,1.5793072412821019,32.103427183192515,43.34722327556344,maintenance
270.3637694683925,46.81061231218449,22.88194573477203,99.71823539029504,maintenance
274.9112095889522,2.5985641825736208,20.506709038256655,55.905928494660216,maintenance
322.3406517341212,27.06481676505352,11.739552928324866,32.11621526359535,maintenance
365.78475352410413,35.453025972545824,37.270148777312656,22.011132590475313,maintenance
488.16751893664195,43.54845618730428,15.880601649487666,35.05205342861618,muscle_gain
262.9871706675857,35.70434660662139,3.4837106718308597,37.25332737595508,maintenance
168.24867174121053,40.08640415348959,24.68266064471205,6.8713677723960975,muscle_gain
399.6412354366648,16.972509627140305,4.553535739064056,36.95741994267732,muscle_gain
142.70780311841636,40.74125568732561,13.808925712067683,46.423851973922496,maintenance
225.0959961457617,4.005742319233757,20.296477548712353,72.27377522388046,maintenance
48.44362685771032,44.74083280302638,34.96890098740703,65.6729484721608,muscle_gain
22.42186427357418,27.37961880768681,19.741863213604745,70.87656552291543,muscle_gain
481.6977231921833,40.864888498124685,28.09035064126657,0.8363681876857099,maintenance
419.63025905098084,22.615914225915006,39.712673559962816,21.766739958053606,maintenance
351.027360985912,32.178884759826246,5.259564795919265,66.16842883998565,muscle_gain
210.38694276299225,26.320133046805662,10.98926102078078,48.398936817974715,muscle_gain
94.91421683471442,36.579476087766594,15.783043023905856,0.5313475668345946,muscle_gain
86.65415090883216,4.081499101529479,16.873127141553255,80.44946424318223,weight_loss
132.6190201006517,3.01760419952819,16.44084301062183,77.28095732903374,muscle_gain
279.12106570599906,12.355161700507322,36.3044401022622,54.841916299356264,weight_loss
360.15200212303057,7.977234005659417,28.561305778674257,6.646332577627212,maintenance
333.4967145916883,43.589178329610085,24.31620856362815,76.65150495325847,maintenance
147.16760950351198,10.960699367902215,12.374908714511283,58.37135877313639,muscle_gain
477.8839875249651,48.79326279095657,32.95161536885179,78.19599771579591,maintenance
371.56948918092655,16.844789588555344,38.202420459399555,75.17469923958404,maintenance
281.63348573058636,9.105895784434964,32.84793130200906,80.30020719578371,maintenance
309.7431656548326,39.484925357123956,0.06260420765891617,51.80080664046248,maintenance
215.60403058961705,32.935388775043805,25.45605480733628,14.032451819351499,weight_loss
131.38818485556715,24.90978582265695,2.045415257684029,67.11574733796887,weight_loss
184.42661253911817,27.76817754688156,10.304288813348874,62.04737850519706,muscle_gain
381.34459412754086,35.96008891361319,2.3809880139108675,74.22531871990871,muscle_gain
17.052809428580375,11.422737066564936,24.15181811797551,16.98810060507353,muscle_gain
66.87559384838895,49.816695802837096,27.46359653970427,19.497519990028923,maintenance
32.54129459065885,48.73965810733915,4.579505522636205,89.04095172193284,maintenance
29.957113136295366,32.516284317346845,15.35355532179918,74.99777984520708,weight_loss
429.17568616539353,9.977122546457256,18.249460358221683,90.82284887003229,weight_loss
354.7923510962116,34.01141212156457,14.762120870436664,75.87153211639207,muscle_gain
242.34517625278934,3.609920448958792,4.841000019407722,59.71553059903019,weight_loss
57.93873871899073,1.5326251102903032,16.757911607499018,65.41327370278736,weight_loss
250.89177880724785,12.884144425560685,30.047121912336724,88.91279239400099,weight_loss
242.0011676824772,23.131147836965816,2.8403065813302186,57.88067545119405,weight_loss
94.86891625590744,43.413625270419026,3.207200563276138,63.239132432838744,weight_loss
222.58730812660679,36.3584534883154,14.190851673439369,15.647671600360058,muscle_gain
205.26731985471298,37.13532605999905,37.669028464757005,47.39212201161027,muscle_gain
311.7665480455861,21.27466672240377,26.742905868916562,71.6397111958099,weight_loss
321.1958889251455,17.296749627348145,27.146798266902593,27.09426983163654,muscle_gain
32.198964788301815,18.551938149230136,14.476799633514599,20.22541805245349,maintenance
193.5601811669709,49.38247818680289,23.746431648341538,31.382680822441557,weight_loss
316.6713586999758,2.005459570624124,0.40524736110973514,24.150062799283344,maintenance
256.53676670424295,43.35157480612243,25.443841856381688,21.491263703639586,muscle_gain
429.6800221822779,28.93377042861967,36.53147790304947,42.48508428680869,muscle_gain
332.75987949328305,21.930770959479524,24.502938733792767,90.78385138835341,maintenance
89.83786926990055,36.262883020756824,34.947943738653805,50.705964673871826,muscle_gain
44.57868622621062,24.333447071235142,28.958922218643753,18.792038081532304,weight_loss
324.78544632109464,43.67116190408303,4.82233665614761,7.697166938087408,maintenance
22.990542165394686,45.035093200562926,36.09813229143367,69.61561451379252,weight_loss
297.030034823997,21.08604634367277,2.6577537742309953,38.279876443638784,maintenance
470.7128182982292,13.841389861752578,21.35869890191055,82.18309465853592,muscle_gain
291.9823471591807,29.61751642966811,5.685484951738307,65.95107686407702,maintenance
200.20326384119574,45.61816728083455,0.4682644292361626,79.62414505413685,maintenance
325.21122703675303,10.533109450283328,16.88137040510556,27.194603941844875,weight_loss
234.54391634084314,31.148329178174137,11.80162830616625,69.2358922461058,muscle_gain
277.3522267648081,31.578011004626028,19.44001975190412,26.406198469371876,weight_loss
471.3177563004973,36.65565112076405,23.087995469382033,93.90684794502916,muscle_gain
199.1902925223794,6.57838425636299,1.7495628923578943,63.63742815333744,weight_loss
480.98337627371797,35.79124823410443,4.9201318049498255,32.451180017534206,maintenance
453.6218145584712,45.45162603328205,22.345695858017013,26.951186229227265,weight_loss
105.93765604675525,8.984155443512098,13.72669412690633,19.09265850716435,muscle_gain
43.98703742883107,11.877166246193882,29.16693950197792,69.46409588937279,muscle_gain
59.38122067493906,48.56975470208198,26.091665943677587,21.87156129979273,maintenance
18.928694569259367,9.048847635474488,33.82417451959627,59.53032659274891,muscle_gain
56.27705077040491,42.71925466847895,27.69971306676901,26.463502692535734,weight_loss
344.6733189740149,24.613892822401738,17.197243095605927,66.19689447938686,maintenance
44.882437745512206,12.361553720158852,26.918664895777297,81.49397285405392,muscle_gain
166.29805884394304,43.53749506362557,11.01524697021674,77.80252431446532,muscle_gain
423.98890237503275,22.265262750133274,12.252539951128508,76.08513309307817,weight_loss
21.403248510554675,25.74086769648451,31.559406396831733,18.772240569225207,weight_loss
409.0895564685785,17.961668469988286,17.856780656063286,8.838494698451871,maintenance
148.10883963896597,29.64754257174637,31.9352136207341,69.89488284873856,muscle_gain
67.90076553461157,8.176193629251138,32.89689494673114,36.83472137943513,weight_loss
351.4012110284338,19.554076832588034,34.30249350645135,43.23462264033473,maintenance
318.18199492214313,48.470616116764376,36.66540943364829,3.1149092793391064,muscle_gain
439.96128662825595,12.906671635056377,17.23940882053185,25.95764492750492,muscle_gain
370.18481146390405,32.83683322706461,12.754672732845552,3.3676403874464023,maintenance
403.7056558885758,16.259503211234744,23.287949863764553,87.91857726012476,maintenance
148.19694055994017,38.67365628433003,14.846896937505104,24.339668321853047,weight_loss
96.94537645206418,6.543683035917491,24.042966672009317,55.73371695730081,muscle_gain
377.8012283040206,48.491052253927236,28.223434505752984,3.897932066113041,muscle_gain
405.34902224095936,22.68947706918196,27.536200739685476,66.6847391305658,muscle_gain
495.3475195803299,11.802523167323198,14.982115480804854,32.30273457540939,maintenance
212.18266168659898,3.6748373665006326,6.674408067950113,89.79191869576658,weight_loss
192.28886203846375,8.487895254377037,17.2211735384883,88.81181889340358,muscle_gain
390.4423507635785,25.988697427800883,5.703765763276349,32.529061836174776,maintenance
176.99373472397875,16.850158821564314,35.60388140735233,90.09608956904678,muscle_gain
466.0710895457467,41.44416829413047,13.835098429514296,99.61576734987788,weight_loss
430.6222484030758,21.544376183090296,6.178389888932951,82.5415664123948,muscle_gain
220.207073413759,12.435713629381496,1.017910396230035,84.4871347755229,weight_loss
377.9268232178337,30.8572493302015,25.832895451459372,24.90087361090899,weight_loss
379.72600830149435,35.33886084427229,25.47609269818973,57.67023988577563,muscle_gain
60.530695729606975,8.352095395047494,13.624166663251668,6.725591396736785,muscle_gain
452.2509242729877,8.380960814415882,2.8684755539060403,9.491793682166971,weight_loss
257.57366249945,1.8335713466771486,16.385155795809283,99.88926120332906,maintenance
414.9641583927934,36.82010075328203,12.448699802535742,32.663924942591095,weight_loss
166.82430450499976,33.190226381090255,27.084825589400374,74.81839120488463,muscle_gain
448.8063819631382,23.731543787490693,24.231169978107616,80.66650530268164,muscle_gain
200.70882257973992,42.20852244845986,14.5837491279016,85.80232710072292,maintenance
15.310449225346197,40.28350764750266,8.715702170199604,99.76282974021565,weight_loss
453.6371684454392,29.267718219837608,39.52143864622367,24.149648525686786,weight_loss
54.730471625205446,43.41356402566293,18.160064847844595,4.035082685969971,weight_loss
166.4636824193033,10.292060501838412,27.53096943120948,41.1191517994586,muscle_gain
475.5303638548944,5.595980969886394,5.622118703134431,13.008066982894695,weight_loss
475.79750199940247,13.487480575849482,19.423587986375914,2.2425889162055124,maintenance
290.9845651804102,2.854342804465743,1.1014687947786195,36.04268271414861,muscle_gain
319.6002339632016,26.5584764000516,20.218204716417997,78.37382510752364,muscle_gain
229.7383057693767,46.830284614748074,38.560696284708094,56.61806912250709,weight_loss
153.67327813205162,1.9671770334254823,15.368268519432009,31.277798921035405,maintenance
171.04562723125883,6.10549570050134,1.5598405029964635,65.43420054927196,muscle_gain
339.5340434777488,22.609951414171764,1.2382316367737412,23.20181803088107,muscle_gain
378.66351942446323,46.69375087639524,15.51947039787478,1.4381446072085025,weight_loss
397.87373142566577,15.807805248837525,6.400997458527762,76.43533864364274,weight_loss
396.9128899693314,25.361740434419623,0.9340838531274365,62.374308486400906,maintenance
54.69099049385828,2.078642952519605,30.248544558007072,76.23026245009599,weight_loss
252.26594930426492,7.417160048104443,18.340920355275628,3.893801668766561,maintenance
38.2037924081557,49.33150614794234,11.569790878906181,83.71196278306522,muscle_gain
279.2691523386304,48.25593482180228,36.00332732065923,61.95262000363033,maintenance
226.34994567295473,0.24699904672048079,4.645558408021024,56.33953507126401,maintenance
444.9750495515669,47.590589271161946,38.23675315821277,62.46140481145316,maintenance
181.94835615051855,31.95599689077502,12.558668695094113,86.4433246868364,muscle_gain
67.36283804952687,43.39591472600111,35.53614689234725,58.69365065589071,weight_loss
80.06592420588957,22.736992781692955,24.11771505917846,58.095037988817936,muscle_gain
383.1402095415614,25.77980142896251,33.0682943896595,99.06791570657658,weight_loss
312.9268510249679,24.44232901284601,39.360526528418575,75.6730167068568,maintenance
59.55011130016722,33.34321287730522,11.536217512749829,44.22938054511353,maintenance
51.212334996348744,6.982562737815645,38.44541941630372,70.73970000329277,maintenance
353.4748744149688,1.4986794936338976,15.579275796096814,38.92304716917885,maintenance
45.653873118454825,15.396497079559545,15.420476189476894,22.8875462483499,maintenance
412.7114290522745,35.23403813683233,13.615484170180228,59.68518768877594,weight_loss
356.05869130668316,10.092672606147419,21.656304293903407,92.81820981139515,weight_loss
49.860902514530885,33.67162166624587,6.165801727139484,92.91395200154628,maintenance
51.57047990174404,48.49560230536352,22.14845941432045,34.19052781054903,muscle_gain
493.45339346557597,4.69503578947092,21.66819249640016,52.7677466221695,muscle_gain
193.39268992049895,33.630105911256315,30.4760725041948,21.16358985698612,maintenance
191.61465206277654,22.187510965228558,33.34599847750342,99.56311094988834,weight_loss
408.27178795617624,43.40711271887527,17.617654012496963,98.11179078679358,muscle_gain
474.15180291809077,8.857489472369295,12.093329974059749,64.95089297074473,muscle_gain
493.14052127320673,34.63129761130823,10.373395892683778,80.44140596774734,muscle_gain
379.1553107768814,41.90576448240551,7.784953468194877,71.51001612837,maintenance
194.36719691014872,47.230710973701164,2.3059032879609953,59.31582190394682,muscle_gain
50.91535118234769,34.16240141448229,13.697919153388533,5.3347996988897695,muscle_gain
390.801988804444,24.858738200421364,10.80990768523133,45.476434255266106,muscle_gain
283.61808237054447,30.892362010060694,38.65669543465629,67.47863021674105,muscle_gain
217.86878453101838,43.44524922393591,22.308353050001756,67.75316138836847,weight_loss
454.1136486964206,28.530487331941483,13.891081561220302,37.31226184223836,maintenance
64.48676633001415,1.519352984841843,23.21870403974784,94.16919866580305,maintenance
251.38630110252097,46.54743477534889,5.56786805382782,16.7357032236781,weight_loss
15.563285936035344,34.476337551578055,17.761749968088118,50.03594462155606,weight_loss
239.64371457712187,33.82566928886233,25.049372856842552,69.08839765508228,maintenance
37.5886050841003,10.783757619885858,19.555913271698056,69.71358058918092,muscle_gain
68.22077897135524,32.94427351163286,16.07115202617297,64.86389567688155,muscle_gain
67.5878609207814,19.693220282707923,39.75393555598793,27.528821345186017,maintenance
328.11304803687113,32.561648852074605,35.21259048595708,15.620656868662197,muscle_gain
375.56199084005743,5.3296515153995365,24.936238326377605,63.594032682671084,weight_loss
295.8506948976082,32.8922652301518,22.77509444729131,59.930211613943776,muscle_gain
481.46454875252556,49.97068628853333,24.826419192983362,17.935601028924097,muscle_gain
193.686583966615,2.4106019430278014,8.052484312897331,70.51391455705634,muscle_gain
149.99892227811176,48.858709211065865,15.805509730572744,45.51719917336564,maintenance
435.6135728128355,20.345398036143532,1.5783813156359727,66.7760591603153,weight_loss
119.56196087453179,43.537672516862955,19.021841499473066,83.73670797701507,muscle_gain
481.97904432589957,39.11927420291367,21.720983358306526,16.972842857692317,maintenance
15.955692598010007,28.35081304933339,9.109989444128384,1.9144867996836679,muscle_gain
485.24062508674314,36.92246046256633,38.56115388662055,77.91025863957867,weight_loss
31.148356855782296,43.9257780650674,36.37818443748968,60.96974251526159,muscle_gain
446.6601257120548,20.20701608255165,28.885729418236235,69.96395696221217,weight_loss
268.5735434522869,16.351658078161936,21.335465150614503,83.81549749886426,muscle_gain
496.5527500984572,33.379669278179236,34.7987663859074,80.28109348245005,weight_loss
46.16031672034544,40.39229709706293,5.2260937529385165,96.09201469288247,muscle_gain
281.3885993566472,38.11425673883079,31.6203917709954,53.59350788521182,weight_loss
484.9582424533585,39.89068244293173,4.992832558673932,48.84956326599054,muscle_gain
266.3179436433729,21.77916574064665,31.768426501976215,40.18871998907301,muscle_gain
318.40533268627865,40.89171080875108,11.030702730054278,15.369104284420454,maintenance
350.9168576024624,6.010452768530422,35.083623240727555,57.26072328820224,maintenance
232.72512173620888,27.224454898042477,37.761683753015916,27.70125243259788,weight_loss
317.5034592411911,0.2879330249060785,5.951838776204625,92.13075122129754,muscle_gain
296.31401284231913,16.229291495013516,18.50702420261574,58.31908042770976,weight_loss
451.5674251405846,18.323076743569892,39.23949512650741,59.284018050811014,maintenance
32.26872636731436,19.80863458046277,19.336297438925865,35.492466087701004,weight_loss
147.67196290019285,34.773360334493105,34.54190090058181,5.198935197770749,weight_loss
475.7016271975138,19.427905063517287,23.549260885252792,3.174376537298862,maintenance
446.229254106549,22.43468113112653,15.013196316784075,42.33351441531975,muscle_gain
233.27180886499934,11.877206543716373,11.431342221034807,8.456537809723786,weight_loss
313.864972922753,18.662589581467003,8.12892364344349,60.68469555401391,maintenance
145.91677966075503,11.363481363157574,30.47192765510789,88.09730056396575,muscle_gain
102.17936826464305,3.659796188422182,15.461620272921115,88.29148165187222,maintenance
237.21221842059126,30.172429669068894,20.451018488030044,65.90454101322324,weight_loss
183.14259173276588,33.410639927750815,19.693019200047278,21.1231831472931,muscle_gain
295.99149480692734,30.974517300480723,23.09116116932525,86.29968313588721,muscle_gain
48.089972112842574,23.17470219002862,34.62308582498209,88.60934353132082,maintenance
487.4534557564216,18.989289008961492,39.22957374333718,19.66535849529587,maintenance
493.2432647950054,43.16668247859126,16.303368342952677,73.74260857706773,maintenance
352.0992398696751,25.954089256810903,33.10075688425212,28.651954892712293,muscle_gain
272.68721950861897,23.95909388148655,30.581111786188707,80.26403123529296,muscle_gain
161.6685319803006,1.2821032903217844,22.941158058222932,99.72378999036027,weight_loss
408.75955965640486,17.06239138130782,38.24188574447732,3.0026005329392813,muscle_gain
345.51827455140085,19.009780939292853,8.018980621136112,89.73658657909318,weight_loss
89.68230027899673,19.941139044845023,4.3705684123848565,62.26305335986581,maintenance
456.3543204019828,29.008618461366613,34.15847867821689,97.33826191648211,maintenance
413.0432490323528,26.680127336343922,17.56599266534993,46.50095175264276,muscle_gain
475.40195751304276,30.39525463967223,33.87875416828242,84.73879305713737,maintenance
365.6025591102964,38.244163077106414,35.723608207816596,6.239406859827723,maintenance
310.573446008537,40.649286935804675,2.4983037447628575,33.527905007829574,muscle_gain
214.93908778240325,35.90615381132472,35.33859051944243,6.701653775120997,weight_loss
467.0369568434665,47.77618479774674,17.932762214776886,97.53431334790706,muscle_gain
434.3713058552001,0.9116291338180815,20.41729956016929,81.69739072718367,weight_loss
32.157148352032806,9.788899284177305,25.063700443728408,85.25474212459704,muscle_gain
22.919817503653483,0.378143748907106,37.05530426920347,93.79652314338942,muscle_gain
194.4670497702443,32.37373570773015,0.7646437771905612,8.510348611978536,maintenance
407.17113208309814,44.90152744749935,19.073738732712684,38.55975925133334,muscle_gain
493.7653033643228,12.174114828814965,27.508881697222428,7.103488904400212,muscle_gain
83.7042766407288,46.35172723981533,28.908278307929137,21.07931015500286,weight_loss
301.1240505225462,3.0133695144780424,27.70129726148432,22.936577703767234,maintenance
196.63651974920054,46.72180134027572,5.377405176324874,46.91072110475787,weight_loss
485.25805492915555,17.58113436198172,11.97582353486725,26.856216745364257,weight_loss
422.63827233649727,5.071041422460826,14.34862101668054,10.09781068177611,maintenance
420.7810653084575,24.29358795931628,32.1774883071802,16.749108909410772,maintenance
239.65964829953543,12.838828386025398,11.150394896582121,14.727556355209092,maintenance
213.26155614545593,14.243645098096142,8.428198554688127,97.30767979122983,muscle_gain
143.96946524604604,15.364498246314328,38.29792076152385,75.92925069184736,maintenance
37.62399335895429,40.15129489163317,0.354531404538756,96.7761465269562,maintenance
433.71396436497605,26.958063833762726,39.91283422727913,43.974048650790856,maintenance
408.321494473738,15.565384957800182,27.072851954295825,27.83684816626566,weight_loss
499.86165991020397,30.51668916554592,33.13877197796468,79.82931972091866,weight_loss
498.35205016621364,35.80753371115968,11.784775853847727,32.62539180411468,muscle_gain
282.16153574528744,13.631200036676688,0.5726111066823991,29.93833737053483,weight_loss
386.80383343845017,20.677455076267577,29.514780742461202,23.25059922078312,muscle_gain
472.93520764238974,6.0943046668473775,33.36578388002703,12.967897822423534,weight_loss
426.3272214319316,9.057467476734015,29.619045278140767,25.646306101676597,maintenance
131.20056985416687,34.05589269824914,5.714011492033544,35.53197484738877,weight_loss
230.76662630194582,9.071917384781347,30.13711689027876,67.39942081457303,muscle_gain
73.28811342423253,26.258169183353008,30.756911284305637,6.256484221945158,weight_loss
477.485003356774,35.452313086121634,26.341620626802197,21.050693966534297,maintenance
307.02557088093124,5.343846154737192,30.64463731182345,80.90236402916764,muscle_gain
122.03497469669674,28.365610981445176,33.836857587109286,14.692192358377076,maintenance
339.1333353588698,12.828139185068189,24.544164569498335,34.26451465225215,maintenance
312.88283782436895,48.14634376187899,3.5441885587871624,86.46589218581401,muscle_gain
185.49973183609185,24.177282335996235,19.505112386688435,15.492531114344265,maintenance
65.64322017781822,40.299627488757906,3.1059733868642025,8.27368356181899,maintenance
339.0708658404718,27.511327107813088,16.301721241297233,48.45379950800108,weight_loss
264.9507734428587,2.170626642740958,16.284259565025106,30.24195112785364,maintenance
388.43601195046324,31.657568779701116,2.640393765609663,56.34083644838541,maintenance
264.88011554487673,47.570167110332854,13.952821358779172,80.38048904834751,maintenance
427.56893515608465,30.08059100731656,4.4399239516525935,13.714848815274316,maintenance
280.4343509994979,40.95944297133951,32.329408400368884,58.0699084554285,muscle_gain
284.85960605233925,44.21032316742039,37.90752103857883,50.550876038986395,weight_loss
439.5602653025891,11.403988597446624,2.8926590103175442,14.407878601319958,maintenance
207.70660444407454,10.602241995411333,38.20460829166806,62.39984855289824,maintenance
75.66746194081396,30.549049442549585,20.903063973469806,27.364041786077166,muscle_gain
24.103511393536095,20.551423490335235,11.982627118154955,48.78343185440125,maintenance
380.0172552800733,41.99306514333602,3.0744830110465404,8.227232427706188,muscle_gain
313.9516801631977,45.00115616990056,20.02497072281671,45.958405721362304,weight_loss
354.99908636861954,17.671068965135905,31.780621779629946,30.646346804282032,weight_loss
114.35243913936625,11.843527948724104,28.283459090667925,82.23812111853543,maintenance
76.82202303751718,39.026275762193094,2.0090404585589505,5.697872699736828,maintenance
17.126886177262143,13.740301777406804,2.9160734147161405,41.860727491832996,maintenance
181.7879038152325,41.13071592568392,16.114931305305483,45.8431424131438,muscle_gain
299.05966655877023,21.18691268243814,11.811619761917731,72.50060762991187,maintenance
202.19958209886883,33.37749496457352,9.295372922241913,57.428757509021096,maintenance
224.36271179162725,4.776765691733409,11.240179956348545,66.72123371941811,weight_loss
453.0377603019367,31.19296623382865,32.139309731875386,77.7049285651756,maintenance
180.64517884141716,22.588383936861455,37.16912214527416,86.22029736581888,weight_loss
261.8548496883073,29.330423158773705,16.204107781102657,31.38754967224705,maintenance
393.98997624316013,8.400710387243171,36.244440085299885,53.802270536390296,weight_loss
204.30596333742238,36.843687247209104,12.85982804991528,84.01080784391999,maintenance
314.822483111658,43.13985387716143,19.057479453751665,98.94511309650565,weight_loss
432.55821728590513,10.836990004538782,9.041159912639989,88.95193110437631,muscle_gain
475.26510559224465,4.785727776008086,25.619041687033757,37.14672626243768,weight_loss
82.0660056552286,1.1819293023168198,39.15924460699236,19.516651721865042,weight_loss
464.0279363291323,32.0985750221633,24.139723841735147,48.93925374065887,weight_loss
251.1369836089737,30.35470180443904,14.312563364541955,74.16414518360422,maintenance
136.5397502664896,27.334870635703503,25.912697839621135,49.25690707532976,maintenance
234.97652055674803,11.597354805798771,4.916827138615503,48.31808633136685,maintenance
490.2159618898838,19.545299795275735,35.546363210615944,83.82304210818006,muscle_gain
251.38286605650612,29.72381675930865,20.123358031193455,36.14037790671863,muscle_gain
171.08828904087903,24.83834294295847,17.97398968158568,85.97946748116456,weight_loss
320.36641861519564,49.38927601074437,23.43459153814077,40.680480095172356,muscle_gain
127.6713532013146,6.8219876278366565,24.991354511576098,32.82331056783394,weight_loss
47.17303077324532,34.75722770237969,2.871032249060521,45.3989911199699,weight_loss
73.15106373621812,20.215938405214608,27.304688848936095,76.24469586748684,weight_loss
72.7424610893085,21.409980746280738,9.677267212621183,12.600202786399429,muscle_gain
84.43231982102424,35.87988828290881,28.55810530026359,19.64192158720174,maintenance
78.02531459821097,34.62180756621848,32.90139177536787,95.1444825663092,muscle_gain
324.02862495357516,49.56279968510942,32.15834030210081,17.54916273813574,weight_loss
99.12124135558096,6.419714472706262,22.100038696315565,56.77273179310546,weight_loss
179.37696882869298,5.205482469208317,20.806795692430047,57.931446666193786,muscle_gain
449.4263208539458,36.216940856437056,5.715038453576469,48.96244620502448,weight_loss
242.24120372880745,28.919345850320454,31.013846016125424,64.47452485768186,weight_loss
337.10329187530334,13.708033327990293,10.856375217868575,22.982672579761843,muscle_gain
94.43673688879862,3.9709684494493303,19.867816912717863,55.266226777674824,muscle_gain
104.22161921624868,4.282912479821527,11.370963717100668,37.21732552468971,muscle_gain
30.025621970574644,44.70954373320591,5.353134519987726,66.1667259629189,weight_loss
92.77818090536063,9.593366235937145,25.182307875669462,14.122354337314945,weight_loss
146.50926612565974,16.16857810577604,2.173281392916153,57.08774168394763,maintenance
96.73513729560594,11.3328201113494,29.945809365048,18.52703553833237,maintenance
53.464241540957254,17.749815291596864,12.703471810444666,27.86430631150364,muscle_gain
69.1115768392944,3.4711921373046684,0.005387720179412803,21.87098003235832,maintenance
235.78159633603562,25.95298954541352,20.44516556948919,18.28377798688171,weight_loss
111.10352201883833,3.380628179610745,1.874076341104125,82.5710951560667,maintenance
188.49223191355696,40.01782539111808,11.04678231283598,28.570756766089033,weight_loss
256.6744627188799,11.68560409552165,28.279059498228648,92.71237818644494,muscle_gain
348.293466028389,27.00059573022553,2.5075848648746346,96.99265253451908,muscle_gain
29.26294852213848,44.00395437807291,33.5735396942401,57.126046993709735,weight_loss
401.7110954654309,32.54386845235971,0.15279690634332432,14.30011226657264,maintenance
317.6711908505448,26.647889327566766,9.87295476807609,37.45482433795813,muscle_gain
50.06192565494723,16.21668765576878,29.636162246082858,79.7732263348214,muscle_gain
438.05352581232086,16.650095652909897,12.650805989172271,36.739072869707044,maintenance
461.22747626058845,33.474347759909506,4.075695522640541,8.701721830278874,maintenance
39.928200328883236,49.706968061058376,14.409356752017114,55.678491092818795,weight_loss
145.67004759212983,33.09195949246893,10.815731455381021,84.51208514960348,maintenance
405.03862709860005,27.889170868501246,33.708476086422195,79.59263871435024,maintenance
376.6472482879926,36.532525511962305,12.533916703405726,17.512314013035322,maintenance
100.4152994846249,23.26028061418591,31.557298871040288,67.27646144124667,weight_loss
112.58116843498804,3.0071171300392607,35.67488579242939,22.05042634356471,weight_loss
191.53133036777717,28.11484079389549,17.35269678306118,21.820753455217222,muscle_gain
247.41626274360044,47.88126422526901,36.39772575417568,87.40717733051852,weight_loss
312.94483804984503,8.765147117882982,15.092722158527714,24.966895274023017,muscle_gain
190.76768338918848,34.50024454103329,38.563136659604325,26.32473465180112,maintenance
236.64201090524247,10.046684432952823,3.571580981022917,0.06533907612995549,muscle_gain
376.2607596855407,26.791384223654063,27.48077066012971,87.06690341255177,muscle_gain
27.97476941639297,4.8338224823359806,19.75256161827715,79.25948132091347,maintenance
133.69410272857016,22.518546812909257,15.505952218225882,62.7328935090678,muscle_gain
359.5412970834307,37.80816644476231,25.308475149944037,75.02657639388423,weight_loss
448.65135046672765,17.378576211949103,28.15428366537325,15.20485674244918,weight_loss
260.7219466366764,33.2455862243609,0.1745307860123635,45.832359458757544,weight_loss
270.73560778000467,39.77249803948646,6.678123549887949,35.121938734878086,weight_loss
62.514285556490265,46.358890973972635,28.52184202537275,9.37765262570165,muscle_gain
229.23205974349278,11.732104092772676,26.655416543128258,48.61304852149241,muscle_gain
270.98246056296136,19.965795790465407,38.64190020514709,92.07396503426354,maintenance
128.81054678101754,7.620800666520871,30.44151161003132,4.005911905069448,muscle_gain
141.92918316519666,49.62417510791876,38.03090830925352,29.14609134937939,muscle_gain
194.8692399212651,46.35004839621477,28.10162006139228,20.754093620570345,muscle_gain
19.83488691108592,26.99785651402798,11.922088345577727,23.81466536656963,maintenance
167.81879113575735,42.10166471882106,4.214596890034259,90.84345518793752,weight_loss
113.60952342830687,26.04789886360211,31.272954533797424,46.806905423429015,muscle_gain
170.47370256717818,31.179284400137984,25.765968859036636,46.62994129398188,maintenance
68.6834445914331,4.456221605800831,1.9274404957318492,76.05756424552823,maintenance
446.35836756254855,37.763521024840394,14.402018636039134,15.44922040049258,maintenance
300.86030224148385,6.3856741817617415,38.271992619371446,48.72653541000508,weight_loss
342.7601363807999,41.303381512626416,20.01604582840805,42.99852141210597,muscle_gain
396.69390691759577,39.101404383519295,17.309165440788185,59.69106905466561,maintenance
254.23667747523805,35.43723488714882,18.30798420637176,99.95577032504386,weight_loss
52.59094116283761,1.8080190262381057,8.35530896020655,76.9448894082047,maintenance
273.18220549108844,15.15641779726643,14.74828683459181,39.78657030174272,maintenance
297.55214783023075,13.155628495542143,14.792530239487064,82.75530522740469,maintenance
375.2653423503217,18.006820373575955,2.094200807498896,17.070836331248017,maintenance
221.5131776525429,4.382137338191927,30.70270514071673,3.0463686308960125,maintenance
72.51434836982625,46.84789115155314,16.66017727615516,20.444837246427305,weight_loss
149.05019384137498,27.690112035618814,32.887195472656934,34.041155611425964,muscle_gain
187.9103252353312,15.276215532901178,34.01392004479582,51.05807574595599,muscle_gain
326.4994482524846,19.849075853714172,8.479762187946323,61.51291405411998,muscle_gain
289.6813692877668,22.360127025241784,26.29413928680514,91.06057172144217,muscle_gain
184.48739568994466,30.029716668030865,18.89127216651927,50.98540095504577,weight_loss
493.39247190856,25.783971384824888,35.2062695168594,50.127564462572934,weight_loss
306.8296614848747,45.96959866072087,8.629627167058164,5.024300982298213,weight_loss
126.24112795063729,24.848174145291512,27.112528012401768,3.491155265622381,maintenance
59.873411583997836,49.607900741165636,24.310084890108904,55.11599619163721,maintenance
84.9009782003227,42.571247887254785,11.812059102873311,43.81786132483445,maintenance
130.519286908409,10.42552571786679,5.4640361460469045,83.91803949802986,muscle_gain
88.73387289718228,46.52976073219581,26.065590419091063,16.067958471184518,maintenance
101.41784178513983,5.818319894273804,29.543898325293227,2.49716621170496,muscle_gain
149.69663265998508,40.87248542455958,12.625093750533999,44.903876793012586,maintenance
94.95306169442986,19.031164673829004,25.793304160892554,23.74785567522575,muscle_gain
449.41505806694835,43.898716022253474,15.80523630446013,4.961437333883745,maintenance
49.31453537420468,43.40283450537252,28.52827533130471,72.4598286847629,maintenance
267.0105808894248,40.296270005881055,7.968610995762124,11.159299995724748,weight_loss
211.09444522493413,39.50152181535307,35.608600105446975,60.83195000077717,maintenance
491.36552228521714,15.23395695490204,11.49638385862319,28.104975016688915,maintenance
64.89906206234565,4.045964152562609,14.711439510246116,17.3496050355022,weight_loss
204.9492435324134,20.149008938258074,2.3236780832139914,37.97515229193175,muscle_gain
485.04051230493076,8.676225749325434,4.460488492851056,80.14457762229537,weight_loss
434.09849168805033,34.747554445123086,20.634476108493125,39.20935769045727,weight_loss
410.36531476514716,17.304986326889278,10.70370706911886,75.07696492110557,muscle_gain
136.37238525202054,48.78051004299574,33.41920902968778,12.548629679915068,maintenance
93.73491782113226,32.0486038672666,0.5877355461981537,77.27714196650791,muscle_gain
337.6351777629712,41.124028181718046,15.163761946877447,23.693332490664865,maintenance
465.39423467251703,6.6262336370924215,13.493821870763707,67.73931298888728,maintenance
282.8138175768256,43.10072411363113,0.7731052367040414,56.57815548409963,muscle_gain
290.09021784025094,46.13785952566972,4.974735960020409,92.91447172116874,weight_loss
147.18975589353926,24.353095940946794,16.54570699674541,38.732251797531404,muscle_gain
387.0515372640491,30.312646887548873,19.714583377897867,6.616518883444044,maintenance
101.65143679318645,38.24049004514977,16.171589890194763,1.9155485551252904,muscle_gain
168.6028258380794,8.741931363020628,21.237507136483753,82.6858560972753,muscle_gain
218.46385492204422,25.12830382317212,23.80526699622726,52.473563766143215,maintenance
258.729085555383,19.933151388615656,0.3969528451134252,77.52440518349492,weight_loss
128.78076888338933,7.318699608112455,18.563806378140157,23.44256000115147,muscle_gain
66.27004412220973,18.376721114576572,38.53996963550353,34.50837455132337,maintenance
309.20382079639995,3.4086154692746784,20.761291205181948,3.010387221131894,maintenance
151.42897108772533,1.2905953474743492,27.101690698358126,96.14923245741122,muscle_gain
294.80672849708003,6.758314457741138,12.474554316675327,66.78679067008134,weight_loss
85.63773048435914,48.15575557945869,30.9596551261105,93.32050877593062,muscle_gain
245.75864990886058,27.476476794750848,30.916859275044605,26.549640742907233,weight_loss
270.96882195027706,48.291108057661,20.851841906165557,61.146361122566084,weight_loss
35.39353304298918,21.6248939165066,39.04055293116854,67.84999682926379,weight_loss
174.93609631502108,15.590806654262979,5.022008590506135,31.754970025758844,weight_loss
75.86319170009737,25.307093142012206,0.6779065955832397,84.81092350156301,muscle_gain
41.053735531656194,21.975584431645505,30.806328470283837,94.71614629002478,maintenance
495.08051387107315,5.283234213087196,32.2862214945953,88.48551176960044,maintenance
167.95338403761426,32.04131573451031,4.80828916482305,73.90669759393725,maintenance
406.8384784687711,10.80190912547998,10.623313318344243,27.746467972495402,maintenance
134.77392083424428,30.97939774489148,0.7020945346651564,28.161604210563173,maintenance
343.93633388972535,32.51005461990767,11.732344431222588,96.3360320446038,maintenance
382.5116513459464,7.601242656432405,30.92567495674686,1.0284495935692028,muscle_gain
301.8629828978437,3.067481355533408,20.718421108503158,71.60499732421445,weight_loss
241.0723323895776,39.03807930342199,13.923823726731523,70.62461625552622,maintenance
211.80204793216157,22.99002118846601,14.869571796253211,62.26895409497975,muscle_gain
180.9454506060677,2.9081897752737893,0.054145028618726165,99.01088460868658,maintenance
465.46928068143467,49.74331585848836,11.992021102609435,31.187943576372522,maintenance
417.0035098159873,2.889028049818332,25.85834966551722,33.997186379324816,weight_loss
482.86318622659115,34.75176144292766,38.967777752654285,7.893940294655555,weight_loss
70.90563950791692,49.18394626317068,33.88243307935598,44.27981365437375,weight_loss
368.1250628497857,11.959005210796281,0.943798585821165,26.10485262348481,maintenance
469.78682384230854,7.112468434359808,35.94242418699358,34.338670217764424,maintenance
98.80420242117347,6.069246971121444,31.32793653194504,83.45717902556277,maintenance
42.58317100972097,15.163757378379778,31.215044942839217,93.54845135274957,weight_loss
373.14911815212895,5.052290550532335,18.31983036014286,18.573307200518563,muscle_gain
291.4918254581568,34.6080670847066,15.920211718180113,37.25089315534659,maintenance
422.4961006115533,3.1145899065031344,12.116629153327704,92.8630562115394,maintenance
78.48846454688186,25.471106407489486,2.627794358174631,6.180846068922263,maintenance
399.6809828113462,49.83484269264884,9.129414539747964,9.236052811137851,muscle_gain
108.79738682339482,40.69851347530094,9.864145399120986,16.279098920622936,maintenance
90.19141200419521,30.760971911550545,19.363082788408065,59.521283412687474,muscle_gain
90.49024098618654,15.312681039330583,29.897776263867758,15.047227100599747,maintenance
409.14161291337723,31.194791814581922,18.952393135917866,96.80763814507335,muscle_gain
335.94663814113807,26.35207319558258,2.3137779778864243,44.671452725852035,maintenance
266.3020581368685,21.304169194518575,38.31159203952816,50.15179603501664,weight_loss
185.82693722051621,6.535518837009974,37.70897276376449,24.66586158054065,weight_loss
439.82826499842304,44.330210762023334,31.407581725936335,47.09602524347335,weight_loss
202.29810263709135,22.489232441066125,39.65311606256882,66.19136326370115,weight_loss
410.13372534107276,9.731125591038253,21.779293312010516,75.11771369540428,maintenance
225.17610519940703,18.38796754386448,38.510734010128246,75.3868082709913,weight_loss
194.70277041820472,20.70648762644635,3.024201624670031,57.789111269408835,muscle_gain
236.71309497810716,41.37689477834371,14.627229930454853,90.43597749938573,weight_loss
157.67515834042962,36.6807190280701,9.015250720270632,81.74078473061094,weight_loss
376.32859628636305,38.46524468206699,7.833323365370801,75.70481146986255,weight_loss
256.3329911453148,0.5515632214323607,5.632117955707043,5.560552168046062,maintenance
123.78422062194048,20.807699908988077,24.896545662639866,0.6877962219649314,weight_loss
450.7915409045385,24.06720758176618,31.252874229892203,21.244727719547296,muscle_gain
198.1066984728736,0.9596138411528343,23.131935976814425,66.35235939134523,weight_loss
276.3409019458544,12.99066043725171,5.878508383528387,41.119748888254584,weight_loss
454.171334372628,38.01449115610675,32.444950797338834,40.24062592993117,weight_loss
315.8766179978561,6.8554852864499525,25.43818828654914,88.45868882296138,muscle_gain
67.2800399470984,26.765506572629583,15.52662824507982,89.55628481318388,weight_loss
470.5177405706028,10.760093600861875,26.96521182144252,90.91752640535857,muscle_gain
317.57694600499474,0.6060387321946636,10.396199169713313,31.38780765150273,muscle_gain
174.1037511819722,12.060072879977074,13.80768833976842,69.10558127392618,weight_loss
78.24331560505976,48.79368774550269,36.69943372527961,27.163318127436963,muscle_gain
399.072342742445,40.07685559414948,11.620180226856816,19.060983307444978,maintenance
313.8356504049716,47.97883221605167,18.799530726317464,18.463245734736923,weight_loss
271.39593506839753,24.392702196318123,35.605645495840584,34.2107620863594,weight_loss
448.0073656949692,5.4868099338751755,28.308854010701097,42.99576197798217,muscle_gain
396.4126335000201,27.397974448684646,2.48812904658811,83.09491710550684,muscle_gain
84.32069106904808,22.718866727998044,5.892121771158814,11.98910934727121,weight_loss
162.74381321981863,42.2178541369808,0.3136636308766727,73.49258473948942,maintenance
131.75967850908822,4.904129039212229,25.236871609166535,53.14549141893053,muscle_gain
374.5336833606117,24.41205685108891,17.906937016416734,28.794534267599246,muscle_gain
26.430893020531897,7.502433234699213,5.370994036091021,49.281958453282456,maintenance
289.2459455869451,16.233796344503,38.31736484227082,29.994206977702266,maintenance
383.60475601293837,36.86785386938998,21.186388957824796,59.608195523830595,weight_loss
439.61516201325725,23.800906468438328,9.675731764515568,43.38439228552442,maintenance
177.62005687079466,18.794414257288466,20.0241428461883,16.440552907887874,weight_loss
412.4160792892863,19.723813928501766,27.184813309404312,11.658307455569672,maintenance
64.20955110805154,22.97233842029933,3.049568718942579,54.66956820721302,muscle_gain
424.76162294991394,39.25082719185284,10.98815260191568,90.24130332861034,weight_loss
72.46944454267138,44.60423444701172,32.278619635359746,34.395768655768556,weight_loss
204.67077237457997,47.76673432519642,18.38659481610645,73.30001072226231,weight_loss
400.6747292319813,39.34516931276475,21.863085681291796,65.8661354939767,maintenance
83.45953940089915,15.770344787400637,17.31264008837877,93.1554914309481,muscle_gain
122.33318366399433,34.40673530432711,1.7559977057202047,82.09810172991409,weight_loss
363.9037585126025,21.880156202769598,6.629991192806237,56.660525890546296,weight_loss
362.8179029075764,12.733531102302559,17.821665549675636,65.70304982341074,weight_loss
324.16234011379566,42.04357897129613,8.367418616317114,89.83864665840349,weight_loss
350.034737788879,1.9213174481162498,1.9991611463871495,39.95187845869348,muscle_gain
275.9349772403221,45.08809960677117,33.74598656207295,32.679470585777736,maintenance
133.38153886440685,23.073873231236707,39.24770116656463,1.081108363519634,muscle_gain
179.39103681692052,31.86007384041402,31.725714959869578,82.65510741914642,weight_loss
98.98288123269857,32.96769611028913,34.15139686818668,80.0980700403365,muscle_gain
455.1407750534779,44.75588703532682,9.679085212681816,10.445451810015138,weight_loss
295.861979435399,31.833484108360366,38.42507902052799,57.68573811327003,maintenance
206.41719421418355,30.69667923800309,7.877028178137135,46.398169816688736,maintenance
236.38284378562503,3.332602028034498,38.05719241447329,11.870909550911147,maintenance
474.1688364097895,25.920401097260203,39.79277175863804,98.05682270607235,weight_loss
85.1421875268793,7.5084500408520825,28.468912229841948,21.469588746335543,muscle_gain
297.25261768823066,36.87168843607428,39.24574927167288,6.723418009056115,maintenance
257.88545265338837,25.611096040633726,22.781591182684146,59.48473795019096,weight_loss
309.61257536297745,34.01138896041766,10.381671327043613,73.88666771330327,weight_loss
18.87399007221185,2.0836450301192135,17.479835426624835,3.2443446047186963,muscle_gain
437.34071538263424,4.239600802290161,23.74243741515144,65.87176387270222,maintenance
466.73795841697006,35.81616940313411,2.9232624810805996,53.22918759514545,weight_loss
286.9152599587124,3.6042167999336683,24.893730584689845,10.326500887504842,muscle_gain
351.3589036996772,3.56283638826293,39.24711347049178,17.252387694636205,maintenance
462.02469677687486,0.6054237617443725,7.604305991349105,56.79742973160805,muscle_gain
356.5469308135653,47.82506991497401,31.703804651535332,29.63576135132884,muscle_gain
84.74413102798806,36.875417972950345,36.31595175118478,93.8315728651316,weight_loss
292.38129648173845,17.66257042510321,37.74806371280883,81.87402294840508,weight_loss
307.2903727275994,14.82677906438276,38.40542417621789,98.3567206513663,weight_loss
217.82402893816914,17.485161487292476,20.858385548858877,25.967083895041398,muscle_gain
370.8576754561142,38.732676559059094,39.09231631966015,96.9723632797977,weight_loss
467.8398372368173,33.068530553520716,30.292408285377554,43.12338697915579,muscle_gain
463.5285713243204,9.259778393373397,6.466857449478476,34.751879531375465,muscle_gain
230.91129198802474,8.705466766704218,19.0760042587188,5.034952696935324,weight_loss
65.48664246197006,4.919782485669866,28.73324701488016,5.276525785960262,maintenance
492.57218749154396,33.015135985066905,9.893612632763332,69.20112559466547,maintenance
421.0600623585077,38.218633111086795,25.624607341955496,45.79289944340279,maintenance
71.08471378960076,13.2523214162502,26.66401916186477,22.65216260361057,muscle_gain
461.21252248251244,1.0472480515456406,6.5079897523426355,61.39703063252326,muscle_gain
436.24921741044284,4.108583373821367,22.603412498110252,25.285811825011116,muscle_gain
264.2306479917753,48.39300174225152,30.865076439144307,57.76317543444226,weight_loss
299.7249635150153,14.772238873871013,19.955826581437677,35.92087469826903,muscle_gain
205.51132489636382,38.46115739190668,0.484124671044297,82.3552226611819,weight_loss
36.83320302279535,31.23317844271319,0.3615387631716871,82.06961607667793,weight_loss
174.24664840649146,19.096981982644795,14.281173758800488,47.73503981224013,maintenance
403.3981898130256,10.284363109777756,37.04776273727128,35.08191093350156,maintenance
12.2696912722554,6.069320907970321,9.147071184144352,36.25597965590946,maintenance
173.41459412866064,30.75064840194333,25.374547554867487,80.57145256682179,weight_loss
205.1026598595622,38.7316890318894,8.883034827732823,32.8179482797612,weight_loss
273.3238454395822,32.19521267705653,12.866799586381944,20.9059373706846,weight_loss
460.72925204225265,26.515106662457917,33.92168358405936,8.468834187530682,muscle_gain
179.709537239321,2.0975611715818134,29.154457690797877,46.66931208844084,weight_loss
180.00706892915156,48.42443887971919,3.815971092528425,48.213209891984185,maintenance
371.3756115737767,39.93570958272873,17.148080839457343,84.09087104029072,maintenance
231.5867910360055,14.641101835048238,1.1667905458105787,22.123869644606398,weight_loss
120.05636324059117,48.99851646794253,19.23560586412036,38.099127366839994,weight_loss
231.69536290501978,30.094079481816106,26.49736046804272,80.8405738893691,maintenance
79.01993998610193,29.121132910362324,4.740104943926062,82.36236107489735,weight_loss
96.42962338804942,37.4036589714766,11.555397556366627,38.46110759787682,maintenance
254.20020864234507,40.58848940450688,15.913465020086278,45.91240232866809,muscle_gain
215.27347025722847,32.823930366575134,36.78124098624199,30.328589084928293,maintenance
458.274491523369,6.404787318310001,39.73020061691856,93.2554878419312,muscle_gain
187.57301056715022,16.91337529972492,1.7964519598246342,11.864376574158031,weight_loss
294.4882916362413,46.404182016302485,30.44031693981568,93.374942300147,weight_loss
319.8095010805699,11.230780592192597,14.868962656093728,68.38664518353433,muscle_gain
16.41628372828348,18.608351191875666,15.698327449179201,53.15721526867312,weight_loss
335.13331228818816,21.6038441472098,30.170598933880907,3.2659060784495875,muscle_gain
97.2376237661782,21.970249484722608,36.73705728581635,47.55961918220083,weight_loss
480.92445556003304,30.646979124726276,38.037143780101935,40.774810500273226,maintenance
82.84473659902535,47.15379188723538,23.08490344153283,16.121881197512256,weight_loss
213.16582062624164,12.034635591625248,14.284846372020112,65.6409603500657,maintenance
51.82133735853549,6.075068815045903,31.50196343435117,97.11509073682858,maintenance
498.4683834045142,9.873524492996866,10.04005533049201,56.218881106452514,muscle_gain
256.07555506230887,44.34624501046348,22.56296115334071,71.47532764439458,weight_loss
301.73865848682146,32.2905406327603,14.343138460994926,6.845045256601678,muscle_gain
42.867473920329466,14.295339461958006,26.265242948315045,41.76669958169947,weight_loss
377.4806304955971,40.797346948430864,9.615956515740276,11.635848516449588,maintenance
112.85374061683703,43.0684998181718,7.663717829393031,61.27958355365104,maintenance
450.0466018259497,42.3257169345139,36.729563467017485,93.84821582141547,weight_loss
110.51842383618352,45.94632668197772,4.072147317981476,66.17777324716386,weight_loss
103.43698312519662,12.612051008668079,20.238316309397266,7.680304831442153,muscle_gain
27.90933724556649,37.75209643731392,8.834111318520357,35.466620498508284,weight_loss
241.31280310389963,23.026974863707,1.557198533026698,55.066337944085156,weight_loss
286.77215529868204,42.099927644503076,1.4407527316570556,40.320775613325225,weight_loss
42.19723331989266,36.42453385808066,7.008870884233094,83.36440104751723,muscle_gain
390.00853218055516,38.82237232498623,34.67081418024001,81.46710047099891,weight_loss
232.11152902653353,32.808091884053574,11.299149759081066,61.183102010322145,maintenance
266.95123197051424,8.871438473485343,38.01836682301183,37.345794513270526,muscle_gain
225.9737459997318,27.251345944846918,23.264891719567743,25.533637376324414,muscle_gain
206.37389982890974,49.23348697622541,17.464567590750644,10.587431821312931,maintenance
284.22376234102677,46.869403324855945,23.203553386778182,35.4897683486554,maintenance
86.06772050604913,2.1586867898505835,20.66793540905071,41.31725172077195,maintenance
99.14478394268285,8.240740786471857,30.351050150293005,67.58229251040736,weight_loss
432.2749542966235,6.586438672728096,11.29984263891409,65.81598242975734,maintenance
473.59657644548,36.29899549926478,14.122015664012096,7.0108139641256955,weight_loss
192.92156497707893,40.889266492847256,35.76377210133003,39.525931543115775,muscle_gain
142.66488984034135,10.675568315533596,37.85826052601622,18.177886721736193,muscle_gain
325.55977618711773,25.29263464759145,35.70232909945898,15.68127053168057,maintenance
210.27974383806725,42.03515140056,16.777919758292544,82.73021497372459,weight_loss
22.439314273568982,36.64007723831253,31.214620120275267,4.191521671625753,maintenance
86.51477270943327,27.111860274592413,19.05342933204395,41.91828759021213,maintenance
360.8263921352248,29.517384522938645,19.90159408584409,16.82036557665182,weight_loss
332.87273153597414,25.418027345813996,8.187204362291357,87.9330215678474,maintenance
23.27703632670691,14.877422565941028,23.64521213034066,55.704051327503514,muscle_gain
118.76635934714523,28.251099642950805,7.445435910133917,23.1380636376848,maintenance
123.22665032815499,34.44426510250453,13.26258796268775,50.24272871663764,weight_loss
339.22744436337695,43.666145793040386,34.201208064797406,73.14863597031159,weight_loss
19.658163499638434,31.814567698962403,8.28303236843421,95.81180089194338,muscle_gain
61.01320517244118,38.0560768521579,2.8463314069373125,22.044600424541894,weight_loss
401.9588818328628,8.00358174772865,2.760303704512652,88.61817721293451,weight_loss
97.48688440662347,23.077873720989494,37.63138082012431,93.43041141674902,muscle_gain
329.84559284741863,0.4665809913546648,20.276817518473386,91.64205445320663,maintenance
126.709562712896,12.333943226081152,16.376482872680732,63.54143568619099,muscle_gain
58.726282452079126,36.32308575565024,32.435143240316734,62.982065443470766,maintenance
129.1543735897325,49.59049756746817,33.43303711642064,40.32106331838228,muscle_gain
363.910796609273,4.9589049793607956,13.287641324624184,75.23978823037879,maintenance
429.29126937208,20.074715793064414,27.74472229895181,53.12940183509319,muscle_gain
416.8077336378259,40.00354843495798,30.844912634075463,67.74380712282945,maintenance
204.61992951304288,10.201781731444942,26.18602747463818,42.84579038487954,muscle_gain
337.36171691961664,27.75424746511431,6.063802992003975,73.14964640431391,maintenance
110.44230475375228,36.65356480148374,35.03532334068228,82.4471517604549,muscle_gain
153.6423878278965,30.79927251300895,21.563782109440346,14.64362566028161,weight_loss
449.20455107534866,9.401236730770806,11.298897054800147,83.2929715574228,maintenance
16.370942520260655,17.769228434286973,17.009127417507756,54.029653179030724,muscle_gain
51.89918011868936,39.18958922426986,1.5028436159562952,84.46659090902243,maintenance
111.8642650215534,27.71132570660083,5.114672048896702,43.13017063410146,maintenance
23.00077989817166,0.26148067714563683,30.621870020634432,37.904048538303506,muscle_gain
98.90336319400069,38.04953800140469,0.00046539021464564456,91.50607325172224,maintenance
295.69036487514916,1.7655677470119535,16.662633139291685,25.11692675484013,muscle_gain
216.49802979032398,37.286689136561606,20.900407243423537,84.42123252861431,weight_loss
447.40913842771766,10.12402800826187,2.185376800038892,48.40205725094041,maintenance
410.547345251836,47.90367400596901,38.92312651889331,51.40954425512597,weight_loss
177.49050233195922,18.397037565104224,9.045013249986877,30.8468281489484,maintenance
137.11748238133333,16.346580816903955,12.167948785451234,57.30422006190157,maintenance
196.0492800019608,7.444402516622234,12.157700490201094,32.52111962762113,maintenance
299.24452183225577,15.280210774510744,9.216666484693995,3.926941424165231,muscle_gain
141.35118400320937,43.83253809141003,0.05895288345245664,27.199860534435604,weight_loss
315.83296484607564,49.81671688136237,29.173791763519855,0.6379043406590679,maintenance
210.6117095737078,18.415476525342417,38.67381999197141,97.83547870568566,muscle_gain
280.5031186174703,22.430531547727128,8.971739331401803,96.57472098197475,maintenance
223.70199927630517,36.10354691013685,26.5218876721369,39.5155297472305,muscle_gain
154.28822217553966,44.30978902325373,29.675853078348602,72.8370854339646,maintenance
474.74212041145677,29.652216709339207,33.93701516362099,34.580609841042495,weight_loss
384.1668391382828,19.576284908891466,16.905167880544365,67.1093157085976,weight_loss
78.65545612556174,20.631092042431188,12.11723622561717,80.54300430459791,maintenance
435.5493081899773,34.78090732484034,13.011805360921244,94.67562446922408,muscle_gain
248.84128714226168,0.16091318021393408,28.504853323940512,40.0212275849672,maintenance
448.3305911781048,30.979466872992035,32.67117866022544,78.32979829560477,muscle_gain
401.92907541418447,17.77465052206787,7.264558710264106,26.59284506321188,maintenance
218.3546171899244,39.70986656385421,14.83764032631061,99.03323037936484,muscle_gain
21.009961076857525,4.649531991156608,36.077607869966,2.5769598764351143,weight_loss
141.65190609862358,29.410113347419525,32.26774078778957,60.3528806501121,maintenance
275.4007651838248,24.04864449430619,39.39433611049903,65.95059816513272,weight_loss
320.40432771481215,32.11627629526137,30.16993038728323,68.80455570741289,weight_loss
136.36496586226912,3.2426797241484175,15.72780804111689,12.038757878908902,maintenance
78.28447629568383,28.999189371406565,23.62551335978551,93.85297834731304,maintenance
419.11581603165655,28.074229397976186,26.440570169892812,18.11832790500828,muscle_gain
492.3570685447405,28.033004720808545,3.138232652684958,62.27534032398411,muscle_gain
267.58818932831605,30.17438332982274,21.779878364154605,22.267607912308495,weight_loss
94.12285006566871,33.82339686131811,28.372833138904383,30.72164170212709,muscle_gain
143.4305899944908,40.249449984038485,6.692852160042415,54.645854172812435,muscle_gain
19.0114315082587,13.491036006410717,31.225268697022287,41.719341856457646,maintenance
458.0064152146445,41.2524705090031,23.350911220564466,16.02256009765063,muscle_gain
67.69803061616915,24.91278411317268,38.08887142790378,17.093640242084827,weight_loss
292.49307300198427,3.8529139567165585,1.6968919282756678,41.814478816279966,muscle_gain
144.28705813673093,2.92754646219896,10.613045502218679,75.72829782755008,weight_loss
281.54722123273876,16.71191593480304,24.062155171992963,89.79646468477885,maintenance
329.19599029241346,39.24484885557338,11.862396488237227,8.412766225938284,weight_loss
416.5734838165288,35.384046737045786,28.576966562849687,39.310390755940105,muscle_gain
111.14642316269557,39.43074823362032,30.36021130087724,10.024556372287662,maintenance
15.387956042655434,25.86345282208047,4.100638562658978,1.6592480632597884,muscle_gain
77.07395873371556,22.00994989777453,20.554178568270707,66.17186826439566,maintenance
451.0091345055715,7.372626335314197,20.355622223642236,60.24494419665878,maintenance
438.20613800563245,16.40963768046558,14.771230808621642,16.301911381488623,muscle_gain
302.73242006345106,21.700968308693763,37.31699450278688,23.38128330930641,muscle_gain
304.2532616124902,4.430021483980862,33.10025279492885,2.370775364451838,maintenance
335.8679705276652,11.030597635560563,27.88837527638547,83.49472056944037,maintenance
95.9319265254903,29.91126470318694,28.573065429399904,97.46905960485515,muscle_gain
458.0618535032303,36.783155711959495,18.468645752524765,13.545953679469081,weight_loss
215.19755719711583,49.91737556964748,36.83978084386303,23.147521376529813,muscle_gain
197.73787884225376,46.65566656717788,27.783817090131414,86.8409523946934,maintenance
264.2696755885904,32.12825997675958,29.15924246623266,92.64637979561849,muscle_gain
33.01332371977698,21.0624026647036,34.46763615149381,41.96273828068103,weight_loss
91.47885069047891,31.808868235411637,10.96286357368764,5.062247226907413,muscle_gain
371.6364720489215,39.282580904011596,32.28283615466812,3.93918336928194,maintenance
50.57134728331197,5.916809546169366,7.8096241182596815,57.39498660690104,muscle_gain
305.5445336385302,20.495244484814414,13.813678089795513,39.2895108893179,maintenance
130.22106374384725,41.99011428178086,13.424418170793707,2.8652427577654516,maintenance
200.7548508805685,19.1916475966522,39.14101873556562,58.32523923125568,muscle_gain
151.45993101764293,28.593613561359327,34.26148894991707,1.1302536589022472,maintenance
184.27963106782508,29.38846804310991,28.04679446361039,78.73719581492729,maintenance
362.33249354028027,9.223812656681968,29.082270464615604,30.643282270337156,weight_loss
155.58964065535577,18.11177208261442,22.482911776102842,4.02580030092321,weight_loss
287.5382737454796,16.725564437096608,37.88362668434076,58.835222098315334,weight_loss
243.26469707755882,1.3098354266032397,19.85035011529446,39.76844144330547,weight_loss
335.1988710276976,1.2095881945677622,15.220708394795782,97.38004133571495,maintenance
469.0465722691314,41.584852183788676,6.52141347726364,54.41986625037022,muscle_gain
368.96032763302264,13.65354049864062,31.44822609044232,27.52391810370083,maintenance
115.32078550947081,25.90393831194077,29.37775728302366,70.94388646339748,maintenance
25.279736180029488,14.936278679438653,15.374201540965394,27.149200254271133,maintenance
138.5093817069143,47.03396225576702,1.0077365583691744,90.42432914075651,muscle_gain
301.5881860431249,12.964837943288687,33.55989310872043,37.47219705073764,weight_loss
35.19864860728267,21.482840636946754,0.4567193381629453,54.98685627762052,maintenance
253.21946112860581,43.63651252423009,28.147991185162038,5.0573103824228856,maintenance
302.4529959692757,42.09667833959043,38.81028438904228,42.61212379522308,weight_loss
173.7795065003108,9.305070892313866,17.50645312592814,83.2363539660995,maintenance
387.74697983545275,40.13216548978552,9.398936199838111,80.56488053633419,muscle_gain
62.233144035548186,22.909344336894634,28.19484040173527,22.431855885352626,maintenance
46.817513050546296,24.14844360426776,32.68512568062341,22.60790710105627,maintenance
366.81249053976563,6.673998620797189,21.857212643113893,81.73053122132367,weight_loss
252.79074494103725,4.0300756878562325,38.681411010245846,93.03984201693255,maintenance
347.31717424959066,36.39696534868826,2.066748866318444,9.536092127300355,maintenance
223.06539591583567,24.823057617764988,20.191823932181126,45.005863942622526,muscle_gain
130.73699628716236,21.84253513075898,28.738157892902002,33.745427896422896,weight_loss
411.36013566035786,36.475411432619836,34.505618845967156,87.06884554574394,weight_loss
401.7137806947998,38.275644949555485,7.170224476311602,8.352491468001876,muscle_gain
350.40127071866914,7.945408383467678,32.00013927054726,21.112594255803742,maintenance
143.3511172426817,30.511257473882065,22.10828302874181,75.24683375864943,weight_loss
299.2130267658527,6.767704113884276,15.862147279598528,5.129384898121558,weight_loss
186.87720950061313,37.56875430145229,5.2686011431637425,49.25353807142893,maintenance
54.875215930050736,32.84775781335698,34.6118303563565,44.210703467972,maintenance
459.48365197649895,47.8307310541729,6.290928327188614,33.44011789887487,weight_loss
77.04112915029108,3.447900817821059,12.39151436836397,39.457231531892376,maintenance
475.6163033721932,2.8527360575627156,11.601821278497475,52.99405869302329,weight_loss
228.54282874939832,14.109353734660008,34.85656136763417,16.136735838838312,maintenance
